Listing Name,Price,Room Type,Reviews,Location
Loft & private bathroom in Dalston,60,Private room,2 reviews,London
"London, Atmospheric Bloomsbury Flat",116,Entire home/flat,13 reviews,"St. Pancras, London"
Central Waterloo Apartment,65,Private room,2 reviews,"Southwark, Greater London"
"**Striking** 2bed, Holborn frm £140",140,Entire home/flat,31 reviews,"Bloomsbury, London"
Historic Mezzanine w/ Travel Cot,78,Entire home/flat,84 reviews,"Bow, London"
Lovely Room with Private Bathroom!!,46,Private room,61 reviews,"LB of Islington, London"
En Suite Room in Modern Apartment!,65,Private room,67 reviews,"Shoreditch, Greater London"
Dramatic 2-bed flat in Islington,144,Entire home/flat,14 reviews,"De Beauvoir Town, London"
Lrg Dbl Room Close Central London,38,Private room,193 reviews,"City of Westminster, London"
Cozy Big double room Notting hill,40,Private room,20 reviews,"Bayswater, London"
TOP FLOOR FLAT WITH BALCONY ZONE 1,82,Entire home/flat,29 reviews,"Lambeth, London"
VALUE ROOM CENTRAL LONDON ZONE 1,35,Private room,5 reviews,"Southwark, Kipling Estate"
Marble Arch - Fantastic 1 bedroom,150,Entire home/flat,57 reviews,"City of Westminster, London"
London Bridge - one bedroom flat,120,Entire home/flat,68 reviews,"Southwark, London"
Charming 3 Bed House in City Centre,225,Entire home/flat,24 reviews,"Pimlico, London"
Bright guest room in gay household,45,Private room,82 reviews,"LB of Hackney, London"
Cozy double in modern apartment,45,Private room,118 reviews,"Shoreditch, London"
"Amazing Central Location, 2bedrooms",100,Entire home/flat,184 reviews,"Lisson Grove, Marylebone"
Lrg Dbl Room Close Central London,38,Private room,193 reviews,"City of Westminster, London"
Bright guest room in gay household,45,Private room,82 reviews,"LB of Hackney, London"
Modern+own bath near Tate/Southbank,79,Private room,64 reviews,"Southwark, London"
Covent Garden - near everything!,100,Private room,22 reviews,"Covent Garden, London"
Beautiful one bed ground floor flat,110,Entire home/flat,77 reviews,Hammersmith
Well looked after studio flat in W2,85,Entire home/flat,56 reviews,"City of Westminster, London"
Cosy double with large roof terrace,55,Private room,41 reviews,"Battersea, London"
"Brilliant Location, Modern & Secure",140,Entire home/flat,20 reviews,"Shoreditch, London"
Riverside studio apartment,70,Entire home/flat,40 reviews,"Battersea, London"
Elegant room 25 mins central London,35,Private room,9 reviews,London
Charming 3 Bed House in City Centre,225,Entire home/flat,24 reviews,"Pimlico, London"
Stylish Central London Apartment,110,Entire home/flat,86 reviews,"Kennington, London"
"Charming, Elegant, 1 bed",135,Entire home/flat,33 reviews,"Earls Court, South Kensington"
West Kensington/Barons Court zone 2,43,Private room,21 reviews,"Hammersmith, London"
Bright Ensuite room Notting Hill,48,Private room,24 reviews,"Notting Hill, London"
SOUTH KENSIGTON LOVELY 2 BEDROOM,185,Entire home/flat,14 reviews,"Knightsbridge, London"
Lovely studio flat,50,Private room,21 reviews,"LB of Islington, London"
1  single room at £35 per night,35,Private room,17 reviews,"LB of Brent, London"
2 bed flat: Walk to Tower Bridge!,99,Entire home/flat,146 reviews,"Stepney, London"
Entire Apartment over quiet garden,115,Entire home/flat,19 reviews,London
Modern Luxury flat in Covent Garden,210,Entire home/flat,London,
Cosy Double very Near Tube - Zone 2,44,Private room,37 reviews,"Camberwell, London"
1BD in perfect East London location,90,Entire home/flat,12 reviews,"Bethnal Green, Greater London"
Bright guest room in gay household,45,Private room,82 reviews,"LB of Hackney, London"
"Central, Camden, Hampstead Dbl Room",60,Private room,75 reviews,"Hampstead, London"
"FUNKY, COSY & WELL CONNECTED HOME",33,Private room,43 reviews,"Brixton, London"
Spacious room near Victoria Stn,85,Private room,31 reviews,"Westminster, London"
CENTRAL BEDROOM- LONDON- MAIDA VALE,49,Private room,14 reviews,London
"Bright 2Bed Apt, Maida Vale",98,Entire home/flat,3 reviews,London
Lovely studio flat,50,Private room,21 reviews,"LB of Islington, London"
"Spacious, charming 2BD w/balcony",160,Entire home/flat,5 reviews,"Kennington, Greater London"
2-bed flat in the heart of it all!,119,Entire home/flat,London,
"Quiet double in Kensington, London.",55,Private room,14 reviews,London
SOHO W1/2 THEATRELAND DESIGNER FLAT,90,Private room,193 reviews,"Soho, London"
Mousehole Mezzanine + Roof Terrace,35,Private room,37 reviews,"Battersea, London"
1 bed modern flat nr London Bridge,95,Entire home/flat,12 reviews,"Bermondsey, Greater London"
Modern stylish 2 bed  flat  Zone 2,119,Entire home/flat,54 reviews,"Greenwich, Greater London"
Private room in London with Views,45,Private room,70 reviews,London
"Brilliant Location, Modern & Secure",140,Entire home/flat,20 reviews,"Shoreditch, London"
Amazing riverside location +wifi,50,Private room,61 reviews,"Vauxhall, Greater London"
Beautiful one bed ground floor flat,110,Entire home/flat,77 reviews,Hammersmith
LARGE ROOM CENTRAL LONDON WAPPING,60,Private room,39 reviews,"Shadwell, London"
CENTRAL LONDON.BRICK LANE. MODERN!!,88,Entire home/flat,29 reviews,"Shoreditch, Greater London"
2bed Flat (2en-suites) in Pimlico,140,Entire home/flat,34 reviews,"Pimlico, Greater London"
Lovely studio flat,50,Private room,21 reviews,"LB of Islington, London"
Smart and central Notting Hill flat,130,Entire home/flat,11 reviews,"Notting Hill, Greater London"
King size bed in central location,55,Private room,14 reviews,London
Kens Stylish 3 bdrms sleeps 3-6,250,Entire home/flat,16 reviews,"Kensington, London"
Modernist award-winning apartment,108,Entire home/flat,6 reviews,London
"Double studio + patio, Victoria (2)",70,Entire home/flat,96 reviews,"Pimlico, Greater London"
Sloane Square Artist Studio House 1,150,Entire home/flat,10 reviews,"Belgravia, London"
"Lovely two bed flat, St. Johns Wood",95,Entire home/flat,33 reviews,"St. John's Wood, London"
Perfect flat near Victoria Station,90,Entire home/flat,3 reviews,"Pimlico, London"
Cosy 1 person bed in South London,28,Private room,9 reviews,London
Central Modern High-Spec En-suite,48,Entire home/flat,140 reviews,"Hammersmith, London"
Cute flat with balcony in Dalston,100,Entire home/flat,96 reviews,"Dalston, London"
Cosy 1 Bedroom flat Central London,109,Entire home/flat,31 reviews,"Paddington, London"
Kensington London UK ( 2 Bedrooms ),200,Entire home/flat,25 reviews,"Kensington, London"
Single Room 25min Central London,30,Private room,15 reviews,"LB of Waltham Forest, London"
Penthouse with a view in Camden,75,Private room,34 reviews,"Hampstead, Greater London"
Charming studio in Knightsbrige,89,Entire home/flat,43 reviews,"Knightsbridge, London"
"Stylish, large and in cool street!",139,Entire home/flat,4 reviews,London
Notting Hill Kensington Portobello,120,Entire home/flat,56 reviews,"Notting Hill, London"
Beautiful bright double bed room,55,Private room,3 reviews,London
4-Bedroom House in Shoreditch,400,Entire home/flat,4 reviews,"Shoreditch, London"
London Warehouse 3 Bed 2 Bath,200,Entire home/flat,38 reviews,"Vauxhall, Central London"
Perfect 2 Bedroom Paradise.......,99,Entire home/flat,10 reviews,North Kensington
Charming Victorian Central London,160,Entire home/flat,51 reviews,"Fitzrovia, London"
The heart of Hampstead Village,135,Entire home/flat,39 reviews,"Hampstead, Greater London"
Superb New Flat near Central London,90,Entire home/flat,61 reviews,"Rotherhithe, London"
Charming Notting Hill Garden Flat,115,Entire home/flat,50 reviews,"Westbourne Green, London"
Central London designer apartment,235,Entire home/flat,41 reviews,"The West End, London"
Charming one bed flat in Hackney,99,Entire home/flat,17 reviews,"De Beauvoir Town, Greater London"
Trendy and very central 1 bedroom,109,Entire home/flat,74 reviews,"Holborn, London"
"SLEEPS 4, 2 Bed, 2 Bath + Free Wifi",80,Entire home/flat,11 reviews,"Bromley-by-Bow, London"
BRIGHT COSY ROOM,32,Private room,28 reviews,"Battersea, London"
Kens Stylish 3 bdrms sleeps 3-6,250,Entire home/flat,16 reviews,"Kensington, London"
"FUNKY, COSY & WELL CONNECTED HOME",33,Private room,43 reviews,"Brixton, London"
Kensington W8 (2 Bedrooms ),130,Entire home/flat,69 reviews,"Kensington, London"
Single Room 25min Central London,30,Private room,15 reviews,"LB of Waltham Forest, London"
"2-bed penthouse, views on the City",145,Entire home/flat,27 reviews,"City of London, London Borough of Islington"
"COSY, RELAXED, CENTRAL ZONE 1",59,Private room,58 reviews,"Southwark, London"
Lovely quiet double room sundeck,45,Private room,39 reviews,"LB of Islington, London"
Modern stylish 2 bed  flat  Zone 2,119,Entire home/flat,54 reviews,"Greenwich, Greater London"
"Arty Room,Ensuite Bathroom,KingsX",60,Private room,108 reviews,"Islington, London"
London Zone 1 Room + private bath,63,Private room,161 reviews,"Kennington, London"
"Bayswater,W2-Modern one bedroom",99,Entire home/flat,5 reviews,"Bayswater, London"
London Warehouse 3 Bed 2 Bath,200,Entire home/flat,38 reviews,"Vauxhall, Central London"
Luxury 1 Bedroom Apartment  - Zone1,115,Entire home/flat,21 reviews,"Kings Cross, London Borough of Islington"
Large lux.double 2mins Kilburn tube,54,Private room,146 reviews,"Hampstead, London"
SOUTH KENSIGTON LOVELY 2 BEDROOM,185,Entire home/flat,14 reviews,"Knightsbridge, London"
"Amazing Location, Fully Equipped",75,Entire home/flat,66 reviews,"Somers Town, Greater London"
Bright DBL room in Victorian house,65,Private room,London,
A cosy home in central London,60,Private room,260 reviews,Paddington
Ensuite room in artist lofty studio,80,Private room,34 reviews,"Shoreditch, London"
Modern double room nr Notting Hill,55,Private room,41 reviews,"LB of Brent, London"
Affordable bed in cosy Camden home,22,Shared room,3 reviews,Camden
"Modern double bed, private bathroom",89,Private room,14 reviews,"LB of Brent, Greater London"
"Large Double Bedroom,Central London",50,Private room,10 reviews,London
Central 'Eurostar' 3 Bedroom Apt,210,Entire home/flat,51 reviews,"Somers Town, London"
Double Room with private shower,60,Private room,106 reviews,"Shepherd's Bush, London"
LARGE ROOM CENTRAL LONDON WAPPING,60,Private room,39 reviews,"Shadwell, London"
Victorian Garden Flat in Herne Hill,115,Entire home/flat,71 reviews,"Tulse Hill, London"
Battersea beautiful double room,65,Private room,53 reviews,"Battersea, London"
Central Modern High-Spec En-suite,48,Entire home/flat,140 reviews,"Hammersmith, London"
Huge Kingsize room-private bathroom,60,Private room,11 reviews,"St. Luke's, London"
A Delightful room in Central London,55,Private room,96 reviews,"Canonbury, London"
Stylish Single City Room w/Ensuite,45,Entire home/flat,13 reviews,Brixton
Studio in the heart of Soho,120,Entire home/flat,11 reviews,London
Earls Court -  2 bedroom flat,150,Entire home/flat,58 reviews,"Earls Court, London"
Lovely cozy single room in Fulham,35,Private room,19 reviews,"Fulham, Greater London"
London Zone 1 Room + private bath,63,Private room,161 reviews,"Kennington, London"
Riverside studio apartment,70,Entire home/flat,40 reviews,"Battersea, London"
Big dle bdrm just 5min Whitechapel,39,Private room,1 review,London
St Pancras Clock Tower Master Suite,150,Private room,121 reviews,"Bloomsbury, London"
CENTRAL LONDON FLAT - BAKER STREET,180,Entire home/flat,17 reviews,"Lisson Grove, London"
Central London Canal Narrowboat.,140,Entire home/flat,126 reviews,"Paddington, Central London Narrowboat"
Covent Garden - near everything!,100,Private room,22 reviews,"Covent Garden, London"
Cosy Double very Near Tube - Zone 2,44,Private room,37 reviews,"Camberwell, London"
single bed own bathroom parking,40,Private room,6 reviews,"Canonbury, London"
single room in comfy family home,25,Private room,46 reviews,"LB of Waltham Forest, Chingford"
A Delightful room in Central London,55,Private room,96 reviews,"Canonbury, London"
Great Sunny Room in Notting Hill,42,Private room,48 reviews,"RB of Kensington and Chelsea, London"
Designer flat - London Bridge,99,Entire home/flat,28 reviews,"Walworth, Greater London"
Entire Floor (70m2) nr Tower Bridge,115,Entire home/flat,96 reviews,"Bermondsey, London"
Single Room 25min Central London,30,Private room,15 reviews,"LB of Waltham Forest, London"
"Large Double Bedroom,Central London",50,Private room,10 reviews,London
Victorian Garden Flat in Herne Hill,115,Entire home/flat,71 reviews,"Tulse Hill, London"
Kensington W8 (2 Bedrooms ),130,Entire home/flat,69 reviews,"Kensington, London"
Canary Wharf with Amazing View E14,69,Private room,35 reviews,"Isle of Dogs, London"
Summer renting!MuchCheaperForMonth,90,Private room,London,
Stunning River Studio Canary Wharf,78,Entire home/flat,142 reviews,"Isle of Dogs, London"
Double room with own bathroom,40,Private room,36 reviews,"LB of Islington, London"
Comfortable clean large double room,50,Private room,10 reviews,London
v Cool lil Chelsea flat by Kings Rd,110,Entire home/flat,45 reviews,"Chelsea, London"
"4 minutes Tower Bridge, 2 bedrooms",145,Entire home/flat,95 reviews,"City of London, London"
"Bright room, great house/location",45,Private room,7 reviews,"LB of Islington, London"
Petite room in a charming flat,47,Private room,8 reviews,"Walworth, London"
Cosy DB Room in Islington Apartment,40,Private room,4 reviews,"Clerkenwell, Greater London"
Affordable bed in cosy Camden home,22,Shared room,3 reviews,Camden
Funky Victorian Apartment Islington,90,Entire home/flat,2 reviews,"LB of Islington, London"
Cosy single studio in Victoria (14),58,Private room,71 reviews,"Pimlico, Greater London"
Modern double room nr Notting Hill,55,Private room,41 reviews,"LB of Brent, London"
London Warehouse 3 Bed 2 Bath,200,Entire home/flat,38 reviews,"Vauxhall, Central London"
Stylish Soho apartment sleeps 4,148,Entire home/flat,50 reviews,"Soho, London"
Only 10 minutes to London Bridge!,35,Private room,9 reviews,London
"Cosy double room in Brixton, London",40,Private room,London,
Central London double room,85,Private room,4 reviews,London
Twin Room 25min central London,50,Private room,20 reviews,"LB of Waltham Forest, London"
Prime Location Sleeps 6 London N1,149,Entire home/flat,19 reviews,London
"Stylish, Light Central London Flat",48,Private room,120 reviews,"Battersea, London"
Beautiful bright double bed room,55,Private room,3 reviews,London
"SLEEPS 4, 2 Bed, 2 Bath + Free Wifi",80,Entire home/flat,11 reviews,"Bromley-by-Bow, London"
Stylish Central London Apartment,110,Entire home/flat,86 reviews,"Kennington, London"
Westminster-Private room with bath,75,Private room,75 reviews,"Westminster, London"
A Double Room with  River Views,60,Private room,55 reviews,"Isle of Dogs, London"
CENTRAL LONDON.BRICK LANE. MODERN!!,88,Entire home/flat,29 reviews,"Shoreditch, Greater London"
"Amazing Location, Fully Equipped",75,Entire home/flat,66 reviews,"Somers Town, Greater London"
SOHO W1/2 THEATRELAND DESIGNER FLAT,90,Private room,193 reviews,"Soho, London"
A beautiful little flat in Camden,74,Entire home/flat,50 reviews,"Camden Town, London"
Stylish house close to river thames,50,Private room,64 reviews,"Hammersmith, London"
London(central) - One double room,40,Private room,48 reviews,"South Lambeth, London"
Tasty. Vibrant. Connected.,100,Entire home/flat,17 reviews,"Islington, London"
Fantastic Central London Location 1,79,Private room,45 reviews,"Kennington, Lambeth"
Beatles Abbey Rd & Private Bathroom,59,Private room,10 reviews,London
Room+Ensuite Bathroom in Islington,82,Private room,45 reviews,"Canonbury, London"
2bed Flat (2en-suites) in Pimlico,140,Entire home/flat,34 reviews,"Pimlico, Greater London"
Central Modern High-Spec En-suite,48,Entire home/flat,140 reviews,"Hammersmith, London"
Stylish Single Marylebone Village,48,Private room,51 reviews,"Marylebone, London"
Huge Kingsize room-private bathroom,60,Private room,11 reviews,"St. Luke's, London"
Double bedroom in gay friendly home,38,Private room,93 reviews,"Stoke Newington, London"
Wonderful bedroom HYDE PARK CORNER,90,Private room,10 reviews,London
Double room in spacious modern home,45,Private room,123 reviews,"Hampstead, Camden Town"
"Cozy Room, Amazing Location",48,Private room,31 reviews,"LB of Camden, London"
Notting Hill Kensington Portobello,120,Entire home/flat,56 reviews,"Notting Hill, London"
"New private bedroom, Central London",60,Private room,13 reviews,"Westminster, London"
"gorgeous dbl room, central London",58,Private room,12 reviews,London
Fantastic one bedroom flat in Angel,115,Entire home/flat,41 reviews,"Islington, London"
single room in comfy family home,25,Private room,46 reviews,"LB of Waltham Forest, Chingford"
Central London:  Sunny single room!,45,Private room,77 reviews,"Islington, London"
"Cute apartment, 2 stops to West End",100,Entire home/flat,6 reviews,"Vauxhall, London"
Richmond stylish basement (parking),100,Private room,31 reviews,Richmond
Stunning Chelsea Flat London,135,Entire home/flat,3 reviews,London
Lovely room with great views zone 2,55,Private room,19 reviews,"Stoke Newington, London"
"Cosy double room in Brixton, London",40,Private room,London,
single bed own bathroom parking,40,Private room,6 reviews,"Canonbury, London"
Canary Wharf with Amazing View E14,69,Private room,35 reviews,"Isle of Dogs, London"
Central London / Tower Bridge!!!,115,Entire home/flat,149 reviews,"Bermondsey, London"
Luxury Apartment with River Views,100,Entire home/flat,12 reviews,"Limehouse, London"
"Double room in big loft, Dalston",45,Private room,5 reviews,London
ZEDA ROOMS 1,70,Private room,1 review,"LB of Richmond upon Thames, Richmond"
"Studio1 Perfect, Pretty & Cosy NW3",85,Entire home/flat,38 reviews,"Hampstead, London"
London Fields Double with Bath/WC,50,Private room,56 reviews,"Hackney, London"
Double Bedroom with Private Ensuite,45,Private room,11 reviews,"Forest Hill, London"
"Double-room in Kensington, London",60,Private room,16 reviews,London
Heart of London 2014,58,Private room,58 reviews,"Southwark, London"
Stylish central London 2-bed flat,99,Entire home/flat,24 reviews,"Maida Vale, London"
Modern loft room with en suite,55,Private room,10 reviews,"LB of Ealing, London"
Private room in London with Views,45,Private room,70 reviews,London
London Zone 1 Room + private bath,63,Private room,161 reviews,"Kennington, London"
Double Room Flatshare WiFi & Sat TV,49,Private room,45 reviews,"LB of Brent, Brent"
Smart and central Notting Hill flat,130,Entire home/flat,11 reviews,"Notting Hill, Greater London"
Best public transport in London!,60,Private room,29 reviews,"Kings Cross, Greater London"
"SLEEPS 4, 2 Bed, 2 Bath + Free Wifi",80,Entire home/flat,11 reviews,"Bromley-by-Bow, London"
Sweet Memory Room Shoreditch Zon 1,57,Private room,6 reviews,"Shoreditch, London"
Peaceful Greenwich apartment,69,Entire home/flat,15 reviews,"Greenwich, London"
Luxury flat in London Zone 1,69,Private room,47 reviews,"Southwark, London"
Studio 2 Beautiful and Bright,85,Entire home/flat,11 reviews,"Hampstead, London"
Single Room in the heart of Chelsea,69,Private room,33 reviews,"Chelsea, London"
Heart of London 2014,58,Private room,58 reviews,"Southwark, London"
Fantastic London 2bed Apartment,100,Entire home/flat,24 reviews,"LB of Haringey, London"
"Double studio + patio, Victoria (2)",70,Entire home/flat,96 reviews,"Pimlico, Greater London"
Cozy Single Room in Bethnal Green,36,Private room,13 reviews,"Bethnal Green, London"
Results: All Love this Room,65,Private room,170 reviews,"LB of Haringey, East Finchley"
Penthouse studio in Covent Garden,120,Entire home/flat,56 reviews,"Covent Garden, London"
Single room overlooking garden,22,Private room,79 reviews,"Acton, London"
Gorgeous Central Luxury Apartment,195,Entire home/flat,58 reviews,"Covent Garden, Greater London"
"Cosy Room,London,well connected Z.2",35,Private room,23 reviews,"Dulwich Village, London"
Flat in central London for Easter,65,Entire home/flat,7 reviews,"Hampstead, London"
Best public transport in London!,60,Private room,29 reviews,"Kings Cross, Greater London"
Luxurious Studio in Prime Location,95,Entire home/flat,65 reviews,"Kings Cross, London"
A Delightful room in Central London,55,Private room,96 reviews,"Canonbury, London"
Charming 1BR Flat off the Kings Rd!,139,Entire home/flat,23 reviews,"Chelsea, Greater London"
"Elegant Family home, great location",300,Entire home/flat,14 reviews,"Battersea, Greater London"
MODERN FLAT WITH HIGH CEILINGS,99,Entire home/flat,9 reviews,"Notting Hill, London"
"Victorian 2 Bed, Prime Location, N1",139,Entire home/flat,1 review,London
Private room in luxury penthouse,64,Private room,54 reviews,"Walworth, London"
Heart of Angel,30,Private room,14 reviews,"Islington, London"
Stunning Flat in Central London,140,Entire home/flat,43 reviews,"St. Pancras, London"
Luxury Shoreditch One Bed Apartment,125,Entire home/flat,6 reviews,"Bethnal Green, London"
2 Bedroom Apartment Notting Hill,140,Entire home/flat,58 reviews,"Notting Hill, London"
Modern 3 bed sleeps 5 Notting Hill,250,Entire home/flat,12 reviews,"Notting Hill, London"
Glamorous room 10 min from West End,55,Private room,61 reviews,"Stepney, Greater London"
"KING BED, PRIVATE BATHROOM & B'FAST",50,Private room,26 reviews,"East Dulwich, London"
Fab Single Room in Trendy Angel!,58,Private room,72 reviews,"Islington, London"
Modern 1 bedroom cosy-trendy area,90,Entire home/flat,29 reviews,"Whitechapel/Brick Lane, London"
Room near Central London (15min),58,Private room,5 reviews,London
BEAUTIFUL EN-SUITE FULHAM COTTAGE!,92,Private room,38 reviews,"Fulham, London"
Ocean Blue Room Shoreditch Zon 1,49,Private room,12 reviews,"Shoreditch, London"
STRAND Lovely 2 Bedroom 3 bathrooms,220,Entire home/flat,20 reviews,"The West End, Greater London"
"Spacious CITY 2BR, Zone 1",120,Entire home/flat,25 reviews,"St. Luke's, Golden Lane Estate"
London Shoreditch/Spitalfields E1,60,Private room,52 reviews,"Whitechapel/Brick Lane, London"
Zone 1 - City of London,70,Private room,28 reviews,"Whitechapel/Brick Lane, London"
"Bright 2Bed Apt, Maida Vale",98,Entire home/flat,3 reviews,London
Luxury 1-bedroom Apt Highbury&Isl,100,Entire home/flat,20 reviews,"LB of Islington, London"
Central London Apartment Zone 1,130,Entire home/flat,16 reviews,"Islington, London"
Notting Hill : 4 bed Mews House,249,Entire home/flat,15 reviews,"Notting Hill, London"
"Clean, quiet room in Shoreditch",45,Private room,28 reviews,"Bethnal Green, London"
Country life in the Big City.,60,Private room,41 reviews,"LB of Haringey, London"
Cheerful Flat in Great Location,80,Entire home/flat,25 reviews,"Hampstead, Greater London"
"Cute pr room+bathroom, Brick Lane",59,Private room,77 reviews,"LB of Tower Hamlets, London"
A Mews House near Notting Hill,80,Entire home/flat,1 review,"Notting Hill, Greater London"
Sunny double room in Shoreditch,50,Private room,73 reviews,"Bethnal Green, London"
London Shoreditch/Spitalfields E1,60,Private room,52 reviews,"Whitechapel/Brick Lane, London"
Warm Bright & Comfortable 2Bed Flat,70,Entire home/flat,21 reviews,"Brixton, Greater London"
"Cool Camden, but quiet with garden!",115,Entire home/flat,3 reviews,London
Comfortable clean large double room,50,Private room,10 reviews,London
Central London Zone1 Big Doubleroom,60,Private room,32 reviews,"Islington, London"
Loft style flat with huge windows!,95,Entire home/flat,66 reviews,"Haggerston, Greater London"
London Chelsea sunny flat,92,Entire home/flat,88 reviews,Chelsea
Cosy DB Room in Islington Apartment,40,Private room,4 reviews,"Clerkenwell, Greater London"
Elegant room 25 mins central London,35,Private room,9 reviews,London
Oxford St | Selfridges | Mayfair #1,65,Private room,56 reviews,"Mayfair, London"
Lovely Room & Bathroom in Hampstead,80,Private room,18 reviews,Hampstead
Stunning top-floor duplex with view,130,Entire home/flat,35 reviews,"Camden Town, Greater London"
202 Double West End London Comfy,70,Private room,48 reviews,"The West End, London"
Lovely 2 double BD Kensington flat,172,Entire home/flat,20 reviews,"Earls Court, London"
"Cozy Room, Amazing Location",48,Private room,31 reviews,"LB of Camden, London"
Ground floor flat with own entrance,65,Entire home/flat,London,
Bright double room,40,Private room,21 reviews,"Hampstead, London"
"Fab Fulham Flat for 4, near Chelsea",86,Entire home/flat,105 reviews,"Fulham, London"
2 Bedroom Luxury Duplex Apartment,140,Entire home/flat,16 reviews,"Shoreditch, Greater London"
Charming 2/3 bedroom garden flat,155,Entire home/flat,10 reviews,"Earls Court, Greater London"
Sunny Study room in West Kensington,40,Private room,33 reviews,"Hammersmith, London"
Fantastic London 2bed Apartment,100,Entire home/flat,24 reviews,"LB of Haringey, London"
DB Ensuite in Luxury Candle Factory,69,Private room,16 reviews,"Battersea, London"
Beautiful Central London Penthouse,125,Entire home/flat,49 reviews,"Bermondsey, London"
Superb Single Room with Bathroom,45,Private room,14 reviews,"Fulham, London"
Central London:  Sunny single room!,45,Private room,77 reviews,"Islington, London"
Cute in Kensington Central London,55,Private room,57 reviews,"Earls Court, London"
double garden bedroom with ensuite,60,Private room,62 reviews,"Bethnal Green, London"
Gorgeous 2 bed  in Hampstead/Camden,135,Entire home/flat,London,
Design Studio-flat off Brick Lane,80,Entire home/flat,20 reviews,"Whitechapel/Brick Lane, London"
"Large Room + Private Bathroom, E3.",45,Private room,44 reviews,"Bromley-by-Bow, London"
1 Bed Apt in the heart of Dalston,79,Entire home/flat,11 reviews,"De Beauvoir Town, Hackney"
"Amazing Central Location, 2bedrooms",100,Entire home/flat,184 reviews,"Lisson Grove, Marylebone"
Bright one bedroom flat w/ terrace,110,Entire home/flat,29 reviews,"Haggerston, London"
beautiful double room #2#,59,Private room,46 reviews,"St. Pancras, London"
"Cool Clerkenwell Loft, St Johns Sq.",140,Entire home/flat,46 reviews,"Clerkenwell, London"
"Cute apartment, 2 stops to West End",100,Entire home/flat,6 reviews,"Vauxhall, London"
Large bedroom for one person,34,Private room,11 reviews,"LB of Newham, London"
Fantastic huge room in Islington,65,Private room,38 reviews,"LB of Islington, London"
Double room in light airy flat,55,Private room,105 reviews,"Shoreditch, Greater London"
Fantastic Apartment In Marylebone,200,Entire home/flat,14 reviews,"Marylebone, London"
Super Trendy Loft in East London,105,Entire home/flat,15 reviews,"LB of Hackney, London"
Fabulous double room in Camberwell,39,Private room,25 reviews,"Camberwell, London"
Stunning top-floor duplex with view,130,Entire home/flat,35 reviews,"Camden Town, Greater London"
Stylish Single Marylebone Village,48,Private room,51 reviews,"Marylebone, London"
Best location *TOWER of LONDON*,99,Entire home/flat,15 reviews,London
Zone 1 * Own Bathroom * Breakfast,75,Private room,2 reviews,"Whitechapel/Brick Lane, Greater London"
Charming double near central London,55,Private room,15 reviews,"Kennington, London"
NOTTING HILL STUDIO -CENTRAL LONDON,79,Entire home/flat,69 reviews,"Bayswater, London"
Super King-Size - Perfect Location,50,Private room,7 reviews,London
Ocean Blue Room Shoreditch Zon 1,49,Private room,12 reviews,"Shoreditch, London"
Battersea Bolthole,60,Private room,5 reviews,London
Beautiful flat in Dalston/Hackney,110,Entire home/flat,12 reviews,"Dalston, Greater London"
Very Central London flat,170,Entire home/flat,112 reviews,"Fitzrovia, London"
"Great Double Bedroom,Clapham London",50,Private room,46 reviews,"Nine Elms, London"
Entire Excel 2 bed waterfront home,90,Entire home/flat,1 review,London
"Cosy Room, stunning view, Hackney",28,Private room,111 reviews,"Stoke Newington, London"
A beautiful light double room,67,Private room,14 reviews,"LB of Islington, London"
Double Room near Camden Market!,56,Private room,45 reviews,"LB of Camden, London"
Kensington W8 (2 Bedrooms ),130,Entire home/flat,69 reviews,"Kensington, London"
Modern loft room with en suite,55,Private room,10 reviews,"LB of Ealing, London"
Centrally located private room,45,Private room,London,
Central London Canal Narrowboat.,140,Entire home/flat,126 reviews,"Paddington, Central London Narrowboat"
Beautiful flat in Dalston/Hackney,110,Entire home/flat,12 reviews,"Dalston, Greater London"
Fantastic Central Luxury Apartment,345,Entire home/flat,12 reviews,London
"Marylebone sunny flat, 1st floor",115,Entire home/flat,13 reviews,"Marylebone, London"
Richmond studio flat,75,Entire home/flat,1 review,Richmond
Spacious Central London 2 Bed,250,Entire home/flat,12 reviews,London
Stylish Victorian Hackney House,110,Entire home/flat,10 reviews,"LB of Hackney, London"
FAMILIES:Tasty. Vibrant. Connected.,130,Entire home/flat,22 reviews,"Lisson Grove, London"
Stunning & Central 2 Bed/Bath Flat!,70,Entire home/flat,2 reviews,"Dalston, London"
Very large sunny room in N4  Zone 2,40,Private room,45 reviews,"LB of Haringey, London"
"Room for 2/4 people, Central London",65,Private room,London,
A Delightful room in Central London,55,Private room,96 reviews,"Canonbury, London"
Battersea Bolthole,60,Private room,5 reviews,London
single room in comfy family home,25,Private room,46 reviews,"LB of Waltham Forest, Chingford"
"Cosy Room,London,well connected Z.2",35,Private room,23 reviews,"Dulwich Village, London"
Sunny & stylish garden flat- Fulham,110,Entire home/flat,48 reviews,"Fulham, London"
Lux guest room ensuite Lancaster Gt,80,Private room,7 reviews,"Bayswater, London"
"Modern 1 bed flat, Central London",85,Entire home/flat,40 reviews,"LB of Islington, London"
Sloane Square Artist Studio House 1,150,Entire home/flat,10 reviews,"Belgravia, London"
Lovely quiet double room sundeck,45,Private room,39 reviews,"LB of Islington, London"
Fantastic London Location Waterloo,49,Private room,5 reviews,London
Enjoy London for Less 18,26,Private room,London,
Studio Central London/Victoria (6),90,Entire home/flat,72 reviews,"Pimlico, London"
"Single Room near Portobello,London",35,Private room,79 reviews,"Westbourne Green, London"
KT5 9NZ Donald Woods Gardens,30,Private room,3 reviews,Surbiton
202 Double West End London Comfy,70,Private room,48 reviews,"The West End, London"
Private Entrance+Brick Lane Bagels!,79,Private room,33 reviews,"Shoreditch, London"
single room in East London,27,Private room,24 reviews,"LB of Hackney, London"
Prime 2BR Kensington Mews House,175,Entire home/flat,22 reviews,"Kensington, London"
Charming 1 Bedroom South Kensington,90,Entire home/flat,17 reviews,London
Ensuite double bedroom S,45,Private room,8 reviews,"LB of Hackney, London"
Victorian N1/E8 London garden apt,90,Entire home/flat,16 reviews,"LB of Islington, London"
Cerkenwell Flat Central London 9EC,120,Entire home/flat,35 reviews,"Clerkenwell, London"
"Central London studio, flat share",50,Private room,28 reviews,"Camden Town, London"
Stunning top-floor duplex with view,130,Entire home/flat,35 reviews,"Camden Town, Greater London"
ISLINGTON Flat near Angel Tube,95,Entire home/flat,20 reviews,"Islington, London"
"Lovely bedroom in Shoreditch,London",77,Private room,18 reviews,"Shoreditch, London"
A BIG Quiet Soho studio apartment!,104,Entire home/flat,24 reviews,"Soho, London"
Spacious quiet room in Kensington,79,Private room,1 review,London
Stylish Victorian Hackney House,110,Entire home/flat,10 reviews,"LB of Hackney, London"
"Victorian 2 Bed, Prime Location, N1",139,Entire home/flat,1 review,London
Gorgeous 2 bed  in Hampstead/Camden,135,Entire home/flat,London,
Peaceful King en Suite with Shower,40,Private room,71 reviews,"Bow, London"
Room overlooking Portobello Road,45,Private room,47 reviews,"Notting Hill, Kensington"
Spacious guest flat near Portobello,70,Private room,18 reviews,"City of Westminster, Greater London"
"Clerkenwell Loft, 1 bed apartment",130,Entire home/flat,4 reviews,"Clerkenwell, London"
Sunny & stylish garden flat- Fulham,110,Entire home/flat,48 reviews,"Fulham, London"
Westminster-Private room with bath,75,Private room,75 reviews,"Westminster, London"
Southbank - 2 bedroom modern apt,145,Entire home/flat,London,
Quiet double bed & private bathroom,31,Private room,18 reviews,"Stoke Newington, London"
BLUE ROOM Trendy London Pad ZONE 2,64,Private room,34 reviews,"Brixton, London"
Pretty Victorian Garden Apartment,88,Entire home/flat,13 reviews,London
Notting hill great double bedroom!!,79,Private room,8 reviews,London
Large bright Double En-Suite room,75,Private room,12 reviews,London
Shoreditch/Spitalfields new studio.,80,Entire home/flat,6 reviews,"Whitechapel/Brick Lane, London"
Amazing Richmond / Ham Apartment,175,Entire home/flat,7 reviews,"LB of Richmond upon Thames, Richmond"
Petite room in a charming flat,47,Private room,8 reviews,"Walworth, London"
Room in Whitechapel & BRICK LANE,60,Private room,20 reviews,"Whitechapel/Brick Lane, London"
Amazing funky two bed flat Waterloo,129,Entire home/flat,2 reviews,London
Small bright room in Bethnal Green,45,Private room,33 reviews,"Bethnal Green, London"
Beautiful 1 bed flat in Chelsea!,98,Entire home/flat,22 reviews,"Chelsea, Greater London"
Wimbledon SW19 2 Double bed flat,90,Entire home/flat,4 reviews,"Wimbledon, London"
Beautiful London Art Deco Delight,38,Private room,77 reviews,Hackney
"Lovely quiet ensuite loft room, E5",45,Private room,12 reviews,London
Bright DBL room: Brick Ln/Whitechpl,58,Private room,18 reviews,"Whitechapel/Brick Lane, London"
Gorgeous Central Luxury Apartment,195,Entire home/flat,58 reviews,"Covent Garden, Greater London"
Bedroom with 2 Sofas and television,41,Private room,6 reviews,Uxbridge
A little piece of heaven!,110,Entire home/flat,1 review,London
Cosy two bed apartment in Battersea,90,Entire home/flat,9 reviews,London
Warm & cosy room near Tower Bridge!,42,Private room,6 reviews,"Stepney, London"
"Arty Room,Ensuite Bathroom,KingsX",60,Private room,108 reviews,"Islington, London"
"Double room, very near to station",21,Private room,32 reviews,"LB of Croydon, London"
"Lovely sgl bedroom, 4min from tube",27,Private room,1 review,"W3 Chiswick, London"
SPACIOUS 2 BED IN BELSIZE PARK NW3,170,Entire home/flat,14 reviews,"Hampstead, London"
Central room - cat lovers only!,49,Private room,59 reviews,"Kennington, London"
Amazing Double Bedroom+Private Bath,90,Private room,9 reviews,"Bloomsbury, London"
"2Bed,Central,Bright,Spacious Flat",105,Entire home/flat,25 reviews,"Bayswater, Greater London"
Central London with Stunning Views!,49,Private room,204 reviews,"St. Pancras, London"
Central Apartment Waterloo SE1,109,Entire home/flat,75 reviews,"South Bank, London"
double/twin ensuite terrace quiet,50,Private room,2 reviews,"Canonbury, London"
Huge Kingsize room-private bathroom,60,Private room,11 reviews,"St. Luke's, London"
GREAT APARTMENT IN COVENT GARDEN,95,Entire home/flat,1 review,London
Nice Studio close to London Bridge,64,Entire home/flat,50 reviews,"Walworth, London"
Stunning flat in church conversion,125,Entire home/flat,5 reviews,London
Zone 1/Clerkenwell/Old Street,100,Private room,1 review,London
Double room in Canary Wharf,40,Private room,11 reviews,"Isle of Dogs, Greater London"
"Bright 2Bed Apt, Maida Vale",98,Entire home/flat,3 reviews,London
Bright double with Gym,67,Private room,10 reviews,"Wapping, London"
Great room with roof terrace,45,Private room,9 reviews,"South Lambeth, London"
Kings Cross Studio apartment,77,Entire home/flat,11 reviews,London
The French Touche in Camden,75,Private room,66 reviews,"Somers Town, London"
"0Stay Mayfair, Oxford St, Hyde Park",30,Private room,London,
Fabulous home in Angel EC1,99,Private room,29 reviews,"Clerkenwell, London Borough of Islington"
Victorian Hse S.London near station,100,Entire home/flat,5 reviews,"Lower Streatham, London"
Large bedroom for one person,34,Private room,11 reviews,"LB of Newham, London"
Modern Flat: Walk to Shoreditch,70,Private room,15 reviews,London
Also five minutes to South Bank,62,Private room,168 reviews,"South Bank, London"
Central Covent Garden balcony flat,160,Entire home/flat,4 reviews,"Covent Garden, London"
Brand New Gorgeous Camden Apartment,150,Entire home/flat,52 reviews,"Camden Town, Greater London"
Modern 2 Bed Flat in Central London,149,Entire home/flat,11 reviews,"LB of Islington, London"
Huge central 2 bed - 2mins Hyde Pk,145,Entire home/flat,19 reviews,"Bayswater, London"
Best location *TOWER of LONDON*,99,Entire home/flat,15 reviews,London
A 3 bed modern paradise,120,Entire home/flat,"LB of Barnet, London",
2 Bedroom Flat for Arsenal Fans!,75,Entire home/flat,1 review,London
Lovely Room with Private Bathroom,60,Private room,27 reviews,"Stoke Newington, London"
"Marylebone sunny flat, 1st floor",115,Entire home/flat,13 reviews,"Marylebone, London"
"Lovely bedroom in Shoreditch,London",77,Private room,18 reviews,"Shoreditch, London"
Peaceful King en Suite with Shower,40,Private room,71 reviews,"Bow, London"
"Luxury apartment in EC1, London",150,Entire home/flat,20 reviews,"Clerkenwell, London"
1 Bed Stratford Apartment with WiFi,78,Entire home/flat,3 reviews,London
Beautiful London Art Deco Delight,38,Private room,77 reviews,Hackney
Single room central London (zone 1),36,Private room,28 reviews,"Walworth, London"
2 bed flat: Walk to Tower Bridge!,99,Entire home/flat,146 reviews,"Stepney, London"
BEAUTIFUL EN-SUITE FULHAM COTTAGE!,92,Private room,38 reviews,"Fulham, London"
Knightsbridge - Excellent Location,325,Entire home/flat,69 reviews,"Knightsbridge, Kensington"
Studio own bathroom and kitchenette,38,Private room,46 reviews,"LB of Richmond upon Thames, Twickenham"
Beautiful room in Elegant Highgate,75,Private room,46 reviews,"LB of Haringey, London"
Adorable Ensuite Room Knightsbridge,65,Private room,2 reviews,London
STRAND Lovely 2 Bedroom 3 bathrooms,220,Entire home/flat,20 reviews,"The West End, Greater London"
"TOP Ldn Views, Hoxton! Double Room!",80,Private room,9 reviews,"Shoreditch, London"
Luxury Flat Super Location + Spa,90,Entire home/flat,48 reviews,"Hammersmith, London"
2 Bedroom Flat for Arsenal Fans!,75,Entire home/flat,1 review,London
Big sunny double in a great house,45,Private room,27 reviews,"Herne Hill, London"
Clerkenwell Flat Central London 6EC,95,Entire home/flat,3 reviews,"Clerkenwell, London"
"Sth Ken-2 Bed,2 bath-1 min 2 tube",135,Entire home/flat,50 reviews,"Earls Court, London"
Notting Hill W11 Portabello Rd Area,120,Entire home/flat,8 reviews,London
Beautiful house near Notting Hill,250,Entire home/flat,14 reviews,"City of Westminster, London"
SPACIOUS 2 BED IN BELSIZE PARK NW3,170,Entire home/flat,14 reviews,"Hampstead, London"
Bright beautiful trendy London APT,89,Entire home/flat,37 reviews,Hackney
Huge central 2 bed - 2mins Hyde Pk,145,Entire home/flat,19 reviews,"Bayswater, London"
Apartment in Notting Hill,90,Entire home/flat,53 reviews,"Westbourne Green, London"
"Fab Fulham Flat for 4, near Chelsea",86,Entire home/flat,105 reviews,"Fulham, London"
Luxury Modern Central London Flat,139,Entire home/flat,19 reviews,"Marylebone, London"
Stylish 1 bedroom flat in London,65,Entire home/flat,7 reviews,London
Lovely Room in the Heart of London,60,Private room,2 reviews,London
Modern flat - CENTRAL LONDON,85,Entire home/flat,3 reviews,London
Old World Luxury 1BD near Eurostar,125,Entire home/flat,44 reviews,"Islington, Greater London"
Sunny Notting Hill Loft w Garden,150,Entire home/flat,24 reviews,"Notting Hill, London"
Cool urban roof studio Shoreditch,100,Entire home/flat,4 reviews,London
Victorian Garden Flat in Herne Hill,115,Entire home/flat,71 reviews,"Tulse Hill, London"
DB Ensuite in Luxury Candle Factory,69,Private room,16 reviews,"Battersea, London"
Kings Cross / Angel,110,Entire home/flat,24 reviews,"Clerkenwell, Kings Cross"
Converted warehouse - ensuite room!,54,Private room,28 reviews,"LB of Newham, Greater London"
"Lovely room, charming apartment!",50,Private room,8 reviews,"Walworth, London"
Double room and Garden - Clapham,45,Private room,11 reviews,"Clapham, London"
LONDON TOWNHOUSE BRIXTON sleeps 12,245,Entire home/flat,94 reviews,"Brixton, London"
Ocean Blue Room Shoreditch Zon 1,49,Private room,12 reviews,"Shoreditch, London"
South Ken - renovated large 1 bed,155,Entire home/flat,38 reviews,"Earls Court, London"
Kings Cross lovely big 3 bed flat,120,Entire home/flat,41 reviews,"St. Pancras, London"
Room near Central London (15min),58,Private room,5 reviews,London
Sunny Double Room - 10 mins to City,40,Private room,7 reviews,"LB of Hackney, London"
Beautiful house in trendy E. London,105,Entire home/flat,5 reviews,"LB of Hackney, Hackney"
Central with spectacular views!,49,Private room,7 reviews,"St. Luke's, London"
"Perfect 1 bed, heart of Shoreditch",85,Entire home/flat,5 reviews,"Haggerston, London"
Living  in the heart of London!,60,Entire home/flat,146 reviews,"Paddington, Greater London"
Central Bright Victorian Flat,95,Entire home/flat,7 reviews,"Shepherd's Bush, London"
Stylish 1 Bed C/London Apartment,140,Entire home/flat,8 reviews,London
"Bright, Spacious Apt. 15 min centre",94,Entire home/flat,22 reviews,"LB of Islington, London"
Notting Hill Stylish Large Home,285,Entire home/flat,10 reviews,"Westbourne Green, London"
BLOOMSBURY LONDON APARTMENT 21/1,49,Private room,127 reviews,"Bloomsbury, London"
2 Bed Flat in Trendy London Fields,140,Entire home/flat,21 reviews,"Dalston, London"
"Sth Ken-2 Bed,2 bath-1 min 2 tube",135,Entire home/flat,50 reviews,"Earls Court, London"
Luxury 1-bedroom Apt Highbury&Isl,100,Entire home/flat,20 reviews,"LB of Islington, London"
Celebrate Winter in Shoreditch,75,Private room,57 reviews,"St. Luke's, London"
Luxury 2bed 2bath London,110,Entire home/flat,46 reviews,"Battersea, London"
Trendy and very central 1 bedroom,109,Entire home/flat,74 reviews,"Holborn, London"
Big Room-Artistic Flat-Amazing View,40,Private room,99 reviews,"Bethnal Green, London"
PRIVATE DOUBLE ROOM,40,Private room,4 reviews,"LB of Brent, London"
"Architecture Gem, Bright, 2 bed",120,Entire home/flat,7 reviews,London
"Eco Studio, historic Greenwich",110,Entire home/flat,26 reviews,"Greenwich, London"
Comfy Double Room Near City,23,Private room,39 reviews,"Stratford, London"
v Cool lil Chelsea flat by Kings Rd,110,Entire home/flat,45 reviews,"Chelsea, London"
Studio in Notting Hill,111,Entire home/flat,15 reviews,"Notting Hill, London"
Very large double in leafy Camden,45,Private room,5 reviews,"Hampstead, London"
Huge 3 bedrooms 3 baths Duplex,300,Entire home/flat,3 reviews,"Westbourne Green, London"
"Bethnal Green, Period Mansion Block",48,Private room,37 reviews,"Globe Town, London"
Cosy Single in Southfields,25,Private room,1 review,"Southfields, Wandsworth, London"
"Cosy 1 bed flat Islington, London",97,Entire home/flat,13 reviews,"LB of Islington, London"
Kensington luxurious 2 bedroom flat,195,Entire home/flat,33 reviews,"City of Westminster, London"
"Amazing Central Location, 2bedrooms",100,Entire home/flat,184 reviews,"Lisson Grove, Marylebone"
Beautiful double room,59,Private room,21 reviews,London
Wonderful Holland Park Studio,100,Entire home/flat,1 review,"Holland Park, London"
Camden Town on the Regent's Canal,70,Private room,84 reviews,"Camden Town, Greater London"
Fantastic London Location Waterloo,49,Private room,5 reviews,London
"Camden Mews - large room, en-suite",48,Private room,102 reviews,"Camden Town, London"
Studio Central London/Victoria (6),90,Entire home/flat,72 reviews,"Pimlico, London"
Fab Studio Near Broadway Market,75,Private room,58 reviews,"Dalston, Hackney"
Stunning Apartment in Kings Cross,150,Entire home/flat,19 reviews,"St. Pancras, London"
Luxury Flat Super Location + Spa,90,Entire home/flat,48 reviews,"Hammersmith, London"
Great Studio in heart of Camden,75,Entire home/flat,56 reviews,"Camden Town, London"
London 2 bed flat in W6 LOVE IT!,130,Entire home/flat,23 reviews,"Hammersmith, Greater London"
Penthouse Apartment with City views,90,Entire home/flat,"Bow, London",
"Cosy house, double room with view",30,Private room,8 reviews,"Whitechapel/Brick Lane, Greater London"
Beautiful flat & 10 mins to BigBen,90,Entire home/flat,5 reviews,London
Great Comfy Room in Trendy Brixton,45,Private room,8 reviews,"Brixton, London"
"Angel, Islington Light Double Room",60,Private room,64 reviews,"Canonbury, London"
Comfy Room in Brilliant Location,39,Private room,102 reviews,"LB of Islington, London"
2 bed 2 br flat with views of park,120,Entire home/flat,37 reviews,"Bethnal Green, London"
Stunning 2b2b Riverside Apartment,150,Entire home/flat,51 reviews,"Greenwich, London"
Central 'Eurostar' 1 BR Flat,120,Entire home/flat,41 reviews,"Bloomsbury, London"
Ultimate Central London Pad,85,Entire home/flat,14 reviews,"Shadwell, Greater London"
Hackney / Broadway Market + bicycle,99,Entire home/flat,8 reviews,"Haggerston, London"
Fantastic Central Luxury Apartment,345,Entire home/flat,12 reviews,London
Stylish 3 bed riverside apartment,220,Entire home/flat,36 reviews,"Southwark, London"
HYDE PARK Amazing 1 Bed FREE WI-FI!,247,Entire home/flat,2 reviews,"Bayswater, London"
Stunning Chelsea Flat London,135,Entire home/flat,3 reviews,London
Central Camden - lovely double room,43,Private room,97 reviews,"Camden Town, London"
South Kensington Beautiful Room,75,Private room,62 reviews,"Earls Court, Greater London"
"Cool Clerkenwell Loft, St Johns Sq.",140,Entire home/flat,46 reviews,"Clerkenwell, London"
Modern 1BD flat - Farringdon EC1,110,Entire home/flat,59 reviews,"Clerkenwell, London"
Stunning Notting Hill Flat!,119,Entire home/flat,23 reviews,"Westbourne Green, Greater London"
Large double bedroom in Archway,60,Private room,9 reviews,"LB of Islington, London"
Spacious 3B quiet house Mid. Camden,175,Entire home/flat,22 reviews,"Camden Town, London"
Stylish Room in Character House,49,Private room,24 reviews,"LB of Islington, London"
DOUBLE ROOM CLOSE TO CENTRAL LONDON,36,Private room,29 reviews,"Battersea, Greater London"
Stunning apartment for Xmas&NewYear,155,Entire home/flat,London,
Double En-suite Room Central London,69,Private room,17 reviews,"Walworth, Kennington, London"
Beautiful double room with library!,65,Private room,20 reviews,London
"Central, Large, Bright room",44,Private room,7 reviews,"LB of Islington, London"
"Luxury apartment in EC1, London",150,Entire home/flat,20 reviews,"Clerkenwell, London"
"Bright, airy room in Islington pad",70,Private room,14 reviews,"LB of Islington, Greater London"
Micks Mansion,105,Entire home/flat,63 reviews,"Whitechapel/Brick Lane, London"
"Homely Flat, Lively Shoreditch, E2",50,Private room,138 reviews,"Shoreditch, London"
Unique Single with Patio in Dalston,49,Private room,17 reviews,"Haggerston, London"
"St Pancras -Cute Dog,Cosy Room+WiFi",65,Private room,61 reviews,"Kings Cross, London"
"Gorgeous 1 Bed garden flat, Camden",95,Entire home/flat,53 reviews,"LB of Camden, London"
Central London large double bedroom,61,Private room,34 reviews,"St. Luke's, London"
25% OFF SALE- CENTRAL LONDON,117,Entire home/flat,13 reviews,London
"Brand new double room, Victoria (4)",70,Private room,80 reviews,"Pimlico, Greater London"
LOVELY VERY CENTRAL CHELSEA FLAT,139,Entire home/flat,4 reviews,"Knightsbridge, London"
Modern Apartment near Tower Bridge,25,Private room,3 reviews,"Bermondsey, Greater London"
Southbank - 2 bedroom modern apt,145,Entire home/flat,London,
Awesome Room near Central London,35,Private room,53 reviews,"Camberwell, London"
Room St Katherines Dock w.priv bath,67,Private room,10 reviews,"Wapping, London"
MODERN FLAT WITH HIGH CEILINGS,99,Entire home/flat,9 reviews,"Notting Hill, London"
Sunny Notting Hill Loft w Garden,150,Entire home/flat,24 reviews,"Notting Hill, London"
"Kensington, London - 5* Apartment",155,Entire home/flat,81 reviews,"Holland Park, London"
**New listing 50% discount**,67,Private room,2 reviews,London
Great little flat in central London,99,Entire home/flat,13 reviews,London
Luxury Modern Central London Flat,139,Entire home/flat,19 reviews,"Marylebone, London"
Beautiful double room,59,Private room,21 reviews,London
2-bed flat in the heart of it all!,119,Entire home/flat,London,
Luxury apartment Islington,105,Entire home/flat,11 reviews,"LB of Islington, London"
Georgian Aparment in Bloomsbury,128,Entire home/flat,30 reviews,"Clerkenwell, London"
Riverside studio apartment,70,Entire home/flat,40 reviews,"Battersea, London"
Great room with roof terrace,45,Private room,9 reviews,"South Lambeth, London"
Great double room in Notting Hill,35,Private room,3 reviews,London
Beautiful flat overlooking Clapham,140,Entire home/flat,26 reviews,"Clapham, London"
Entire 1 bed flat nr Tower Bridge,100,Entire home/flat,5 reviews,London
Stylish Loft,78,Private room,9 reviews,"Westminster, London"
Amazing view by the Thames,49,Private room,2 reviews,London
Modern 2Bds flat-Angel Islington N1,100,Entire home/flat,4 reviews,London
"1 Bed Apartment, Tower of London",128,Entire home/flat,49 reviews,"LB of Tower Hamlets, Greater London"
Stunning location Old Street EC1,58,Private room,25 reviews,"Shoreditch, London"
"Cozy, quiet room over garden Zone 2",51,Private room,29 reviews,"LB of Hackney, London"
"Marylebone sunny flat, 1st floor",115,Entire home/flat,13 reviews,"Marylebone, London"
New dbl room in trendy Shoreditch,56,Private room,13 reviews,London
Entire 1 bed flat in Central London,112,Entire home/flat,18 reviews,"St. Pancras, London"
"Single room, near central london",28,Private room,54 reviews,"Camberwell, Camberwell Green"
Spacious quiet room in Kensington,79,Private room,1 review,London
NOTTING HILL STUDIO -CENTRAL LONDON,79,Entire home/flat,69 reviews,"Bayswater, London"
Architect designed Georgian flat,160,Entire home/flat,23 reviews,"Islington, London"
SALE PRICE KINGS CROSS DOUBLE,62,Private room,16 reviews,London
Spacious Barbican one bedroom flat,114,Entire home/flat,21 reviews,"City of London, London"
Cozy Fitzrovia studio on cobbled st,119,Entire home/flat,30 reviews,"Fitzrovia, London"
Super London Loft En-Suite Bio B&B,55,Private room,65 reviews,"LB of Haringey, London"
room in central london-greenwich,30,Private room,32 reviews,"Greenwich, London"
Cosy double bedroom in Soho,75,Private room,9 reviews,London
Charming 2 Bed Flat - Near Tube,99,Entire home/flat,6 reviews,"Hampstead, Greater London"
Kensington luxurious 2 bedroom flat,195,Entire home/flat,33 reviews,"City of Westminster, London"
Great value in London,40,Private room,2 reviews,Wembley
Lovely flat in the heart of Hackney,90,Entire home/flat,24 reviews,"Hackney, London"
Central London  on your doorstep,95,Private room,22 reviews,"Fitzrovia, London"
En suite double 5 minutes from tube,81,Private room,8 reviews,London
Tower Bridge stylish appartment,90,Entire home/flat,1 review,London
Room St Katherines Dock w.priv bath,67,Private room,10 reviews,"Wapping, London"
Quiet home close to St Pancras,55,Private room,52 reviews,"LB of Islington, London"
"2 Bed Garden Character Flat, Camden",119,Entire home/flat,8 reviews,London
Room w/View - Heart of Notting Hill,75,Private room,28 reviews,"Bayswater, Greater London"
"Cozy Room, Amazing Location",48,Private room,31 reviews,"LB of Camden, London"
3Bed3Bath/Brick Lane Boutique House,330,Entire home/flat,20 reviews,"Shoreditch, London"
"Comfortable Room near the City,rail",37,Private room,7 reviews,Surbiton
Superb Single Room with Bathroom,45,Private room,14 reviews,"Fulham, London"
double garden bedroom with ensuite,60,Private room,62 reviews,"Bethnal Green, London"
Spacious home in central London,60,Private room,53 reviews,"LB of Camden, London"
Contemporary 2-bed flat in Brixton,80,Entire home/flat,12 reviews,"Brixton, London"
Stylish Studio B in Buzzing Brixton,65,Entire home/flat,27 reviews,Brixton
Ealing double bedroom own bathroom,60,Private room,16 reviews,"LB of Ealing, London"
"Beautiful Quiet Room, Close to Tube",49,Private room,47 reviews,"LB of Brent, London"
Cheerful Flat in Great Location,80,Entire home/flat,25 reviews,"Hampstead, Greater London"
GORGEOUS BRIGHT SINGLE Zone 2 SW6,33,Private room,101 reviews,"Fulham, Hammersmith"
2 bedrooms own bath fulham/chelsea,60,Private room,54 reviews,"Sands End, London"
Luxury 2bed 2bath London,110,Entire home/flat,46 reviews,"Battersea, London"
"Kings Cross, Eurostar, central room",70,Private room,16 reviews,"Somers Town, London"
Double bed/pvt. bath in Islington,43,Private room,55 reviews,"De Beauvoir Town, London"
Central London with Stunning Views!,49,Private room,204 reviews,"St. Pancras, London"
"Hampstead Village-cozy, quiet room",50,Private room,13 reviews,"Hampstead, London"
Pimlico Studio near the Thames,115,Entire home/flat,24 reviews,"Millbank, London"
Central London large double bedroom,61,Private room,34 reviews,"St. Luke's, London"
Luxury Shoreditch 5★ Hotel Style,150,Entire home/flat,84 reviews,"Whitechapel/Brick Lane, London"
Double bedroom in East London,35,Private room,14 reviews,"Bethnal Green, London"
"Premium Location, Zone 1, Kings X",130,Entire home/flat,14 reviews,London
Welcome to Camden Town,59,Private room,45 reviews,"LB of Camden, London"
"2 BD Flat, Kensal Green, Zone 2",100,Entire home/flat,37 reviews,"LB of Brent, Greater London"
Spacious 1 bed modern flat - Zone2,80,Entire home/flat,4 reviews,"LB of Brent, London"
Design loft in Shoreditch,110,Entire home/flat,3 reviews,"Shoreditch, London"
Quirky Converted Victorian Workshop,120,Entire home/flat,7 reviews,"Shoreditch, London"
"Shoreditch, Brick Lane, Sleeps 2/8",196,Entire home/flat,72 reviews,"Shoreditch, Greater London"
"Modern 1 bed flat, Central London",85,Entire home/flat,40 reviews,"LB of Islington, London"
Big 2 bed flat. St John's Wood,133,Entire home/flat,12 reviews,"St. John's Wood, Greater London"
East London flat on the Canal!,50,Private room,5 reviews,"Haggerston, London"
2 Bdrm Flat by Kensington Gardens,150,Entire home/flat,4 reviews,London
"Comfy room, near tube, Wi-Fi & TV",38,Private room,30 reviews,"LB of Camden, Greater London"
Central London Flat in Leicester Sq,130,Entire home/flat,59 reviews,"The West End, Greater London"
yourLUXURY-HOMEinCENTRAL-LONDON 2BD,225,Entire home/flat,31 reviews,"Rotherhithe, London"
Urban Cool,65,Private room,18 reviews,London
Stunning top-floor duplex with view,130,Entire home/flat,35 reviews,"Camden Town, Greater London"
A BIG Quiet Soho studio apartment!,104,Entire home/flat,24 reviews,"Soho, London"
Spacious quiet room in Kensington,79,Private room,1 review,London
Luxury Apartment with River Views,100,Entire home/flat,12 reviews,"Limehouse, London"
Quiet but CENTRAL in Maidavale,99,Entire home/flat,3 reviews,London
Lovely Room with Private Bathroom,60,Private room,27 reviews,"Stoke Newington, London"
Double bedroom with own bathroom,60,Private room,15 reviews,"Stockwell, London"
"Friendly, quiet home in hip Dalston",37,Private room,15 reviews,"Stoke Newington, London"
Amazing view Columbia Rd Shoreditch,65,Private room,87 reviews,"Shoreditch, London"
Entire 1 bed flat in Central London,112,Entire home/flat,18 reviews,"St. Pancras, London"
"Studio1 Perfect, Pretty & Cosy NW3",85,Entire home/flat,38 reviews,"Hampstead, London"
"Smart, super-clean flat near tube",89,Entire home/flat,3 reviews,"Balham, London"
Stylish flat near Kings Cross!,85,Entire home/flat,3 reviews,London
Double room close to King's Cross,60,Private room,2 reviews,"Islington, London"
Beautiful flat in a stunning church,85,Entire home/flat,1 review,London
Beautiful House to Rent,200,Entire home/flat,4 reviews,"Haggerston, Hackney"
Cool Shoreditch courtyard flat,130,Entire home/flat,58 reviews,"Shoreditch, London"
"Zone 1, Brick Lane, 2 bed, Bright.",165,Entire home/flat,42 reviews,"Whitechapel/Brick Lane, London"
Cool Chic Apartment Covent Garden,120,Entire home/flat,85 reviews,"Covent Garden, London"
SleepEasy in Zone 1 - Free Gym Pass,29,Shared room,16 reviews,London
Beautiful Double in Waterloo,77,Private room,58 reviews,"South Bank, London"
Dbl room in Camden Garden apartment,39,Private room,24 reviews,"Hampstead, London"
"Double, Zone 2, 10 mins from Centre",37,Private room,40 reviews,"Stockwell, Greater London"
GREAT Room in Stoke Newington,40,Private room,2 reviews,London
Fab London Location - Sleeps 2,45,Private room,1 review,"Putney, London"
Ensuite room in artist lofty studio,80,Private room,34 reviews,"Shoreditch, London"
Spacious En Suite,59,Private room,8 reviews,London
CENTRAL LONDON CLOSE BRITISH MUSEUM,130,Entire home/flat,17 reviews,London
Luxury 2B 2B apt in Greenwich heart,145,Entire home/flat,34 reviews,"Greenwich, London"
NOTTING HILL *Quiet Private Patio*,105,Entire home/flat,26 reviews,"Bayswater, London"
"large L shape couch x 2, Tower Brid",20,Shared room,7 reviews,London
"Comfortable Room near the City,rail",37,Private room,7 reviews,Surbiton
Spacious 3BD Penthouse in King's X,199,Entire home/flat,4 reviews,London
SWEET FAMILY HOME APARTMENT,100,Entire home/flat,24 reviews,"Walworth, London"
Room+Ensuite Bathroom in Islington,82,Private room,45 reviews,"Canonbury, London"
Double Bedroom. Central Location,55,Private room,5 reviews,London
Celebrate Winter in Shoreditch,75,Private room,57 reviews,"St. Luke's, London"
Converted warehouse in Shoreditch,79,Private room,52 reviews,"Shoreditch, London"
Ultimate Central London Pad,85,Entire home/flat,14 reviews,"Shadwell, Greater London"
Stylish Studio B in Buzzing Brixton,65,Entire home/flat,27 reviews,Brixton
Modern Double in Shoreditch Zone1,45,Private room,London,
Fully furnished one bedroom flat,55,Entire home/flat,4 reviews,Islington
Bright and cosy double bed flat,80,Entire home/flat,19 reviews,"Tulse Hill, London"
Whole house with big garden,200,Entire home/flat,6 reviews,"LB of Haringey, London"
Double room in London E17,30,Private room,33 reviews,"LB of Waltham Forest, Walthamstow"
Bloomsbury WC1 Chic 2 bedroom flat,162,Entire home/flat,28 reviews,"St. Pancras, Greater London"
Central London Canal Narrowboat.,140,Entire home/flat,126 reviews,"Paddington, Central London Narrowboat"
"Double Room in friendly,family Home",38,Private room,85 reviews,"LB of Waltham Forest, London"
Great room 30 min  Central London,35,Private room,11 reviews,"LB of Haringey, London"
Double room near London Central,43,Private room,21 reviews,"LB of Haringey, London"
Fantastic Central Luxury Apartment,345,Entire home/flat,12 reviews,London
"Bright, Airy London Village Feeling",120,Entire home/flat,5 reviews,"Hampstead, London"
Modern Light Comfy One Bed Flat Bow,90,Entire home/flat,46 reviews,"Bromley-by-Bow, London"
Stylish Modern Apartment-Old Street,195,Entire home/flat,2 reviews,London
Double Bedroon in Brixton Flat,35,Private room,25 reviews,"Brixton, London"
Cosy 1 Bedroom Flat in Kentish Town,89,Entire home/flat,19 reviews,"LB of Camden, London"
lovely loft room in family house,60,Private room,10 reviews,London
2nd DOUBLE BEDROOM IN FAMILY HOME,42,Private room,27 reviews,"Lower Streatham, London"
15 mins City/22 to West End B&B  5*,35,Private room,24 reviews,"LB of Waltham Forest, London"
Lovely Home in Trendy Hackney,95,Entire home/flat,6 reviews,"Hackney, London"
Soho/Fitzrovia Central London Zone1,230,Entire home/flat,82 reviews,"Fitzrovia, London"
LOVELY VERY CENTRAL CHELSEA FLAT,139,Entire home/flat,4 reviews,"Knightsbridge, London"
Cool Casa Chelsea,65,Private room,146 reviews,"Chelsea, London"
24/7Checkin-NoCleaning/Deposit-Apt7,105,Entire home/flat,67 reviews,"Earls Court, London"
"E9, overlooking Regents Canal",32,Private room,10 reviews,"Hackney, London"
Fab Single Room in Trendy Angel!,58,Private room,72 reviews,"Islington, London"
Broadway Market Flat,90,Entire home/flat,1 review,London
"Smart, warm, central flat",95,Entire home/flat,4 reviews,London
Comfortable double bedroom/central,60,Private room,48 reviews,"Hampstead, Greater London"
Light-filled Double Room with View!,50,Private room,1 review,London
Tower Bridge Single bed + breakfast,41,Private room,53 reviews,"Bermondsey, London"
"Spacious, Light, Easy Access",45,Private room,15 reviews,"Stockwell, London"
Large Sunny Factory Loft Shoreditch,110,Entire home/flat,73 reviews,"Shoreditch, London"
B&B PRIVATE BATHROOM GREAT LOCATION,59,Private room,132 reviews,"Shepherd's Bush, London"
LUx inCENTRAL LONDON NEAR OXFORD ST,340,Entire home/flat,64 reviews,"Fitzrovia, London"
Chic mews house - NOVEMBER SPECIAL!,145,Entire home/flat,38 reviews,"Earls Court, Greater London"
♥Room Piccadilly Circus +Museums,75,Private room,7 reviews,London
Amazing Regents park double room,53,Private room,4 reviews,London
Central London with Stunning Views!,49,Private room,204 reviews,"St. Pancras, London"
"Architecture Gem, Bright, 2 bed",120,Entire home/flat,7 reviews,London
Space for families or professionals,140,Entire home/flat,22 reviews,"Battersea, London"
Zone1 clean DOUBLEs with FlaTV WIFI,43,Private room,72 reviews,"Islington, London"
Single room with a four poster bed.,28,Private room,8 reviews,"LB of Brent, London"
Central  London 2 bed apartment,94,Entire home/flat,2 reviews,"Hampstead, Greater London"
Quirky Brixton Appartment,80,Entire home/flat,4 reviews,"Brixton, Greater London"
"Double room in big loft, Dalston",45,Private room,5 reviews,London
Stylish Room in Character House,49,Private room,24 reviews,"LB of Islington, London"
LOVELY ROOM LIVERPOOL STREET 6,45,Private room,19 reviews,"Whitechapel/Brick Lane, London"
24/7Checkin-NoCleaning/Deposit-Apt7,105,Entire home/flat,67 reviews,"Earls Court, London"
Luxury Modern Central London Flat,139,Entire home/flat,19 reviews,"Marylebone, London"
Wonderful Holland Park Studio,100,Entire home/flat,1 review,"Holland Park, London"
Double bed in Kings Cross !,45,Private room,17 reviews,"St. Pancras, London"
Modern Single Room near Brick Lane!,45,Private room,50 reviews,"Shoreditch, London"
Trendy Shoreditch in East London,70,Private room,117 reviews,"Shoreditch, London"
1 bedroom victorian conversion,140,Entire home/flat,2 reviews,"Earls Court, London"
Lovely dbl bedroom in West London,45,Private room,20 reviews,LB of Hammersmith
Great 2BD Apartment Camden Town,130,Entire home/flat,London,
Double pull out sofa Knightsbridge!,36,Shared room,43 reviews,"Knightsbridge, London"
Clerkenwell Flat Central London 6EC,95,Entire home/flat,3 reviews,"Clerkenwell, London"
Ealing double bedroom own bathroom,60,Private room,16 reviews,"LB of Ealing, London"
Peaceful Garden Flat in Islington,90,Entire home/flat,London,
Beautiful Georgian House by Heath,64,Private room,14 reviews,"Hampstead, London"
Sunny Notting Hill Loft w Garden,150,Entire home/flat,24 reviews,"Notting Hill, London"
"Piccadilly quiet, smart 1BD 1 Rec.",160,Entire home/flat,5 reviews,"St. James's, Greater London"
"Brick Lane Shoreditch 14, sleeps 8",150,Entire home/flat,16 reviews,"Shoreditch, London"
5* Double room - Islington Zone 2,45,Private room,136 reviews,"LB of Islington, Greater London"
Lovely bright West End room!,69,Private room,5 reviews,"Fitzrovia, Greater London"
Amazing view Columbia Rd Shoreditch,65,Private room,87 reviews,"Shoreditch, London"
Stunning Nottinghill Mews Apartment,65,Private room,10 reviews,"Westbourne Green, London"
"Cute pr room+bathroom, Brick Lane",59,Private room,77 reviews,"LB of Tower Hamlets, London"
Five minute walk to South Bank,65,Private room,184 reviews,"South Bank, London"
Luxury Modern Central London Flat,139,Entire home/flat,19 reviews,"Marylebone, London"
Spacious Luxury Two Bedroom Flat,199,Entire home/flat,10 reviews,"Marylebone, London"
Central! Bang for Buck!,115,Entire home/flat,43 reviews,"Hampstead, London"
Stunning 2b2b Riverside Apartment,150,Entire home/flat,51 reviews,"Greenwich, London"
Lovely room in Chiswick river view,39,Private room,34 reviews,"LB of Hounslow, London"
Double ensuite in amazing location,60,Private room,43 reviews,"Bermondsey, London"
2nd DOUBLE BEDROOM IN FAMILY HOME,42,Private room,27 reviews,"Lower Streatham, London"
Luxury 5* Apartment Superb Location,100,Entire home/flat,5 reviews,"Hammersmith, Greater London"
"2 Bedroom Apartmet, Central London",109,Entire home/flat,22 reviews,"Fitzrovia, London"
"Double room, very near to station",21,Private room,32 reviews,"LB of Croydon, London"
Riverside Flat Chelsea Harbour,40,Private room,118 reviews,"Sands End, London"
5 min from Kings Cross St Pancras!,140,Entire home/flat,103 reviews,"Kings Cross, London"
"Small double in Ealing, West London",45,Private room,38 reviews,"Acton, London"
Central London: loft en-suite room,85,Private room,56 reviews,"St. Luke's, London"
Designer rooms in Balham,75,Private room,61 reviews,"Tooting Bec, London"
Micks Mansion,105,Entire home/flat,63 reviews,"Whitechapel/Brick Lane, London"
Great Double room in Hammersmith(2),62,Private room,12 reviews,Hammersmith
*Beautiful bedroom St. John's Wood*,65,Private room,17 reviews,"St. John's Wood, London"
"Studio ON Broadway Market, Hackney",84,Entire home/flat,29 reviews,"Bethnal Green, London"
1-bed in the heart of the eastend,109,Entire home/flat,30 reviews,"Bethnal Green, London"
Garden Log Cabin in London NW6,45,Private room,7 reviews,"LB of Brent, London"
Beautiful room in Elegant Highgate,75,Private room,46 reviews,"LB of Haringey, London"
West End/City/Kings Cross/Islington,99,Entire home/flat,10 reviews,"Clerkenwell, London"
Beautiful flat & 10 mins to BigBen,90,Entire home/flat,5 reviews,London
Fantastic Contemporary 2 Bed Flat,125,Entire home/flat,6 reviews,London
Central! Bang for Buck!,115,Entire home/flat,43 reviews,"Hampstead, London"
Beautiful double room with ensuite,65,Private room,17 reviews,"Wimbledon, London"
Zone1 clean DOUBLEs with FlaTV WIFI,43,Private room,72 reviews,"Islington, London"
"Cute pr room+bathroom, Brick Lane",59,Private room,77 reviews,"LB of Tower Hamlets, London"
Veggie Vegan Ensuite Nr Brick Lane,48,Private room,26 reviews,"Bethnal Green, London"
Pleasant double room in Camden,55,Private room,2 reviews,London
Stunning Studio Apartment,92,Entire home/flat,3 reviews,"Hammersmith, Greater London"
Quiet but CENTRAL in Maidavale,99,Entire home/flat,3 reviews,London
Awesome Room near Central London,35,Private room,53 reviews,"Camberwell, London"
Fabulous flat in Euston - C,120,Entire home/flat,1 review,London
Beautiful 1 bed flat in Chelsea!,98,Entire home/flat,22 reviews,"Chelsea, Greater London"
Beautiful double room with ensuite,65,Private room,17 reviews,"Wimbledon, London"
Clean Private Room & Bath in London,55,Private room,34 reviews,"Stepney, London"
"Sleeper Couch for 2, Peckham Rye",15,Shared room,35 reviews,"Nunhead, London"
Entire home/flat in Central London,160,Entire home/flat,22 reviews,"Clerkenwell, London"
Beautiful room in Elegant Highgate,75,Private room,46 reviews,"LB of Haringey, London"
Adorable Ensuite Room Knightsbridge,65,Private room,2 reviews,London
Bright double with Gym,67,Private room,10 reviews,"Wapping, London"
Fantastic Bedroom in Canary Wharf!,60,Private room,76 reviews,"Isle of Dogs, London"
Earls Court-London-2 Bed/2 Bath,120,Entire home/flat,107 reviews,"Earls Court, London"
Beautiful London Art Deco Delight,38,Private room,77 reviews,Hackney
"Fab Fulham Flat for 4, near Chelsea",86,Entire home/flat,105 reviews,"Fulham, London"
Beautiful flat in  central London,99,Entire home/flat,7 reviews,London
Stylish Victorian Hackney House,110,Entire home/flat,10 reviews,"LB of Hackney, London"
Also five minutes to South Bank,62,Private room,168 reviews,"South Bank, London"
Modern One Bed Apartment,70,Entire home/flat,11 reviews,"Shoreditch, London"
Charming Chelsea 1BD off Kings Rd,110,Entire home/flat,13 reviews,"Chelsea, LONDON"
1  single room at £35 per night,35,Private room,17 reviews,"LB of Brent, London"
Lovely warehouse flat Bethnal Green,45,Private room,17 reviews,"Bethnal Green, London"
"Quiet place for B&B, great location",60,Private room,22 reviews,"LB of Haringey, London"
A bright top floor one bedroom flat,100,Entire home/flat,3 reviews,"Fulham, London"
Modern Mews in Clapham,50,Private room,9 reviews,London
Single in Charming House & Garden,41,Private room,6 reviews,"LB of Newham, London"
"Spacious 1 bedroom W1 Flat, Central",109,Entire home/flat,78 reviews,"Soho, London"
Single Room in Bethnal Green,35,Private room,5 reviews,London
Peaceful Notting Hill flat,100,Entire home/flat,3 reviews,"Notting Hill, London"
"New private bedroom, Central London",60,Private room,13 reviews,"Westminster, London"
Room + ensuite in Victorian Villa,61,Private room,5 reviews,"LB of Hackney, London"
Luxury apartment Islington,105,Entire home/flat,11 reviews,"LB of Islington, London"
Double room ZONE 1 Victoria No.3,41,Private room,1 review,London
Airy Loft Style Flat and Canal View,128,Entire home/flat,2 reviews,"LB of Tower Hamlets, London"
Room in Designer House Notting Hill,59,Private room,65 reviews,"Notting Hill, London"
Lovely room with great views zone 2,55,Private room,19 reviews,"Stoke Newington, London"
Single Room in the heart of Chelsea,69,Private room,33 reviews,"Chelsea, London"
"CENTRAL LONDON: LOVELY, UNIQUE FLAT",125,Entire home/flat,37 reviews,"Holborn, London"
Sunny room in large Victorian flat,49,Private room,14 reviews,"LB of Islington, London"
9: Next to Charing cross station,150,Entire home/flat,1 review,"Covent Garden, London"
Covent Garden Flat Listed Building,62,Private room,33 reviews,Westminster
Luxurious flat in Central LDN,160,Entire home/flat,1 review,London
Amazing Double Bedroom+Private Bath,90,Private room,9 reviews,"Bloomsbury, London"
Stylish 3 bed riverside apartment,220,Entire home/flat,36 reviews,"Southwark, London"
East London flat with balcony,55,Private room,17 reviews,"Bow, London"
Camden Town on the Regent Canal,100,Entire home/flat,21 reviews,"Camden Town, Greater London"
Great flat facing Kensington Palace,195,Entire home/flat,3 reviews,"Kensington, London"
Lovely flat in Euston - D,120,Entire home/flat,1 review,London
"City of London, brilliant cosy flat",140,Entire home/flat,15 reviews,"City of London, London"
Cosy double bedroom with ensuite,70,Private room,8 reviews,"LB of Islington, Greater London"
Lovely Room with Private Bathroom,60,Private room,27 reviews,"Stoke Newington, London"
"Close to Shoreditch, breakfast inc!",45,Private room,60 reviews,"Stepney, Greater London"
Stunning flat in church conversion,125,Entire home/flat,5 reviews,London
Modern Studio Flat - Central London,85,Entire home/flat,51 reviews,"LB of Brent, London"
Knightsbridge - Excellent Location,325,Entire home/flat,69 reviews,"Knightsbridge, Kensington"
Stylish Chic Light Filled Studio,98,Entire home/flat,31 reviews,"Clapham, London"
"Close to Shoreditch, breakfast inc!",45,Private room,60 reviews,"Stepney, Greater London"
Awesome Room near Central London,35,Private room,53 reviews,"Camberwell, London"
Lovely Bright Airy Double Bedroom,45,Private room,13 reviews,"Stoke Newington, London"
Fabulous flat in Euston - C,120,Entire home/flat,1 review,London
Magical self-contained city oasis,55,Entire home/flat,101 reviews,"LB of Haringey, London"
Luxury touches & ensuite nr Dalston,40,Private room,10 reviews,London
Bright 2 bedrooms flat Ldn Victoria,150,Entire home/flat,11 reviews,"Pimlico, Greater London"
Beautiful room in period house,56,Private room,9 reviews,"LB of Islington, London"
Master bed parkviews 10min West End,60,Private room,95 reviews,"Walworth, London"
"Beautiful 1 Bd - Shoreditch, Old St",89,Entire home/flat,24 reviews,"LB of Hackney, Greater London"
Riverside Mansion (Balcony Room),58,Private room,40 reviews,"Hammersmith, London"
One Bedroom Flat in Bayswater,128,Entire home/flat,34 reviews,"Bayswater, Paddington"
"Cosy dbl bed oasis, 4min from tube",27,Private room,1 review,"W3 Chiswick, London"
Charming Victorian Shoreditch Flat,59,Private room,12 reviews,"Bethnal Green, Greater London"
Amazing Regents park double room,53,Private room,4 reviews,London
Superb Location for Southbank,68,Private room,13 reviews,"Southwark, London"
Quirky Double Room in Soho,75,Private room,London,
"Bright, spacious double room Zone 2",58,Private room,25 reviews,"LB of Hackney, Greater London"
Luxury Room & Private Lounge,50,Private room,11 reviews,"LB of Haringey, London"
South Bank Bijou Studio Flat,80,Private room,163 reviews,"South Bank, Lambeth"
2 bed home Kings Cross St Pancras,139,Entire home/flat,11 reviews,London
"Central, cosy flat in London Bridge",70,Private room,23 reviews,"Southwark, London"
2 Bed-flat in heart of W Hampstead,105,Entire home/flat,10 reviews,"Hampstead, London"
Summer renting!MuchCheaperForMonth,90,Private room,London,
CENTRAL LONDON LOFT,75,Private room,2 reviews,"London, Shoreditch"
Spacious Islington double room,55,Private room,36 reviews,"LB of Islington, Islington"
COVENT GARDEN ONE BEDROOM STUDIO,99,Entire home/flat,28 reviews,"Covent Garden, London"
SQuiet Room TV: 25min London Bridge,20,Private room,62 reviews,"Honour Oak, London, Brockley"
Charming Home in Georgian Square,79,Entire home/flat,33 reviews,"Walworth, camberwell"
Bright Double Bed in Funky House,78,Private room,3 reviews,"Hammersmith, Greater London"
Great little flat in central London,99,Entire home/flat,13 reviews,London
Lovely bright West End room!,69,Private room,5 reviews,"Fitzrovia, Greater London"
Attractive quiet double bedroom,60,Private room,12 reviews,Chiswick
Double room in a friendly house,39,Private room,20 reviews,"LB of Brent, Wembley"
"New private bedroom, Central London",60,Private room,13 reviews,"Westminster, London"
Great 2 bed flat in Islington N1,125,Entire home/flat,22 reviews,"De Beauvoir Town, Greater London"
Spacious 3 Bedroom in Baker Street,185,Entire home/flat,London,
Modern One Bed Apartment,70,Entire home/flat,11 reviews,"Shoreditch, London"
★★★★★ CENTRAL COZY ROOM LONDON,75,Private room,27 reviews,"Earls Court, Greater London"
Penthouse Bermondsey Street ★★★★★,140,Entire home/flat,107 reviews,"Southwark, London"
LUx inCENTRAL LONDON NEAR OXFORD ST,340,Entire home/flat,64 reviews,"Fitzrovia, London"
Earls Court - Large Double bedroom,70,Private room,188 reviews,"Kensington, London"
Victorian N1/E8 London garden apt,90,Entire home/flat,16 reviews,"LB of Islington, London"
2 Bed 2 Bath in Greenwich (BP),150,Entire home/flat,3 reviews,London
Lovely Central London Holiday Home,90,Entire home/flat,4 reviews,London
"Bright, cosy dbl Surbiton family",28,Private room,42 reviews,"RB of Kingston upon Thames, Surbiton"
Central London - Oxford St & Soho,90,Private room,126 reviews,"Soho, London"
Beautiful double room with library!,65,Private room,20 reviews,London
Double room with private bathroom,59,Private room,10 reviews,London
Charming 2bed house in Notting hill,200,Entire home/flat,3 reviews,"Westbourne Green, London"
Great Double room in Hammersmith(2),62,Private room,12 reviews,Hammersmith
Beautiful house near Notting Hill,250,Entire home/flat,14 reviews,"City of Westminster, London"
♥Room Piccadilly Circus +Museums,75,Private room,7 reviews,London
Beautiful 1/2BR Designed for Airbnb,109,Entire home/flat,15 reviews,"New Cross, Greater London"
Riverside room Nr Kew Lon & LHR,45,Private room,25 reviews,"LB of Hounslow, Brentford"
Excellent Location - Large Room,37,Private room,13 reviews,"LB of Redbridge, Ilford"
Fantastic Fulham Experience 2bd 2bt,145,Entire home/flat,48 reviews,"Fulham, Greater London"
New! Stunning 1 bed Flat & Garden,130,Entire home/flat,6 reviews,"Dalston, London"
Luxury 3BD Apartments in Kensington,200,Entire home/flat,2 reviews,"Kensington, London"
Fab Studio Near Broadway Market,75,Private room,58 reviews,"Dalston, Hackney"
"New private bedroom, Central London",60,Private room,13 reviews,"Westminster, London"
"Modern 1 bed flat, Central London",85,Entire home/flat,40 reviews,"LB of Islington, London"
Lovely room close to Notting Hill,49,Private room,1 review,"City of Westminster, London"
Private Room in London Fields,55,Private room,2 reviews,"Dalston, London"
Wonderful light spacious dbl room,32,Private room,25 reviews,"Stepney, London"
AIRY PERIOD FLAT IN DALSTON LONDON,75,Entire home/flat,8 reviews,"Dalston, London"
Kensington W8 (2 Bedrooms ),130,Entire home/flat,69 reviews,"Kensington, London"
Single Room in the heart of Chelsea,69,Private room,33 reviews,"Chelsea, London"
"CENTRAL LONDON: LOVELY, UNIQUE FLAT",125,Entire home/flat,37 reviews,"Holborn, London"
Sunny room in large Victorian flat,49,Private room,14 reviews,"LB of Islington, London"
Charming 2 Bed Flat - Near Tube,99,Entire home/flat,6 reviews,"Hampstead, Greater London"
Stylish studio Earls Court London,85,Entire home/flat,19 reviews,"Earls Court, London"
Central London near Covent Garden,57,Private room,11 reviews,London
"Room for one, with a view.",49,Private room,18 reviews,"Bow, London"
Beautiful apartment in London,135,Entire home/flat,13 reviews,"Whitechapel/Brick Lane, London"
Stunning Studio Apartment,92,Entire home/flat,3 reviews,"Hammersmith, Greater London"
Comfy room near London must-see,30,Private room,41 reviews,"LB of Islington, London"
Spacious one bed next to Hyde Park,110,Entire home/flat,8 reviews,London
Log Cabin in the garden,30,Private room,62 reviews,"LB of Haringey, London"
Nice 1bedroom with terrace in Angel,98,Entire home/flat,6 reviews,London
Gorgeous 2 bed flat opp. Oval tube,115,Entire home/flat,1 review,London
24/7Checkin-NoCleaning/Deposit-Apt7,105,Entire home/flat,67 reviews,"Earls Court, London"
Large Single Bedroom with TV + wifi,38,Private room,8 reviews,"LB of Richmond upon Thames, Teddington"
Room with private bathroom - Zone 2,45,Private room,25 reviews,"Poplar, London"
Chic studio flat in Notting Hill,90,Entire home/flat,26 reviews,"Notting Hill, London"
Airy1Bedroomed Central London Flat,125,Entire home/flat,57 reviews,"Marylebone, London"
Great for Wimbledon Lawn Tennis,55,Private room,6 reviews,"Wimbledon, London"
Luxury family flat Chelsea/SouthKen,139,Entire home/flat,18 reviews,"Chelsea, London"
Penthouse room & en suite,69,Private room,8 reviews,"Rotherhithe, Greater London"
Stylish flat in Hampstead Village,120,Entire home/flat,4 reviews,London
BEST LOCATION -Gloucester road,100,Entire home/flat,29 reviews,"Earls Court, London"
Penthouse DBL - Shoreditch Canal N1,58,Private room,36 reviews,"De Beauvoir Town, Greater London"
Studio in Notting Hill,111,Entire home/flat,15 reviews,"Notting Hill, London"
Single room in warm family house,28,Private room,107 reviews,"LB of Waltham Forest, Walthamstow"
"HUGE Bright, Modern Luxury LOFT",109,Entire home/flat,20 reviews,"Lisson Grove, London"
Designer's home,100,Entire home/flat,16 reviews,"LB of Camden, Greater London"
Victorian flat - 6min London Bridge,44,Shared room,33 reviews,"New Cross, London"
Beautiful flat & 10 mins to BigBen,90,Entire home/flat,5 reviews,London
Creative & Spacious Islington Flat,79,Entire home/flat,2 reviews,"LB of Islington, London"
Lovely room in Central London (N1),55,Private room,38 reviews,"Shoreditch, Greater London"
Lovely Room with Private Bathroom,60,Private room,27 reviews,"Stoke Newington, London"
BRIGHT COSY ROOM,32,Private room,28 reviews,"Battersea, London"
Luxury 3BD Apartments in Kensington,200,Entire home/flat,2 reviews,"Kensington, London"
"Gorgeous Double Room, East London",49,Private room,24 reviews,"Stoke Newington, London"
"Beautiful, Modern Studio Apartment",98,Entire home/flat,16 reviews,London
"Large double, zone 2, close to tube",55,Private room,32 reviews,LB of Hammersmith
Bright flat overlooking the city,110,Entire home/flat,33 reviews,"St. Luke's, London"
Luxury 5* Apartment Superb Location,100,Entire home/flat,5 reviews,"Hammersmith, Greater London"
Best located double in green Camden,42,Private room,1 review,"Hampstead, London"
Exclusive Designer Suite No7 NW3,150,Entire home/flat,9 reviews,"Hampstead, London"
Stunning 2b2b Riverside Apartment,150,Entire home/flat,51 reviews,"Greenwich, London"
Hostel Accommodation 4 bed dorm,10,Shared room,1 review,London
Designer Kensington Apartment,133,Entire home/flat,66 reviews,"Earls Court, London"
Handsome Apt On Clapham High Street,99,Entire home/flat,30 reviews,"South Lambeth, Clapham"
3plx Warehouse Conversion Penthouse,75,Entire home/flat,2 reviews,London
Beautiful Double Room in QueensPark,68,Private room,19 reviews,"City of Westminster, London"
"Cosy 1 bed flat Islington, London",97,Entire home/flat,13 reviews,"LB of Islington, London"
Luxury Apartment in Belsize Park,150,Entire home/flat,14 reviews,"Hampstead, London"
Warm & cosy room near Tower Bridge!,42,Private room,6 reviews,"Stepney, London"
Quiet but CENTRAL in Maidavale,99,Entire home/flat,3 reviews,London
Warehouse Flat in Shoreditch,89,Entire home/flat,5 reviews,"Shoreditch, London"
Single room with a four poster bed.,28,Private room,8 reviews,"LB of Brent, London"
Cosy Studio by Kensington High St!,95,Entire home/flat,9 reviews,Kensington
FAB LONDON 1-BED APT - PUTNEY SW15,88,Entire home/flat,9 reviews,"Putney, London"
Spacious 1 bed flat with home feel,64,Entire home/flat,27 reviews,"LB of Newham, London"
"Close to Shoreditch, breakfast inc!",45,Private room,60 reviews,"Stepney, Greater London"
Comfortable One Bed Flat Shoreditch,120,Entire home/flat,54 reviews,"Whitechapel/Brick Lane, London"
Cosy flat in the heart of Angel,149,Entire home/flat,7 reviews,"Canonbury, London"
Amazing terrace views London Fields,100,Entire home/flat,9 reviews,Hackney
Single room with a four poster bed.,28,Private room,8 reviews,"LB of Brent, London"
Modern 1 bedroom flat in zone 2,90,Entire home/flat,16 reviews,"Shepherd's Bush, London"
Beautiful Studio in East London,84,Entire home/flat,54 reviews,"Dalston, London"
"**WAPPING, RIVERSIDE LOCATION**",65,Private room,2 reviews,"Shadwell, London"
Stylish oasis & good price single!,25,Private room,53 reviews,"LB of Waltham Forest, London"
A BIG Quiet Soho studio apartment!,104,Entire home/flat,24 reviews,"Soho, London"
Single room for solo traveller,33,Private room,7 reviews,"LB of Barnet, Greater London"
Hampstead Heath Oasis,99,Entire home/flat,4 reviews,London
Central with spectacular views!,49,Private room,7 reviews,"St. Luke's, London"
"Cloistered Studio Flat, Hackney",120,Entire home/flat,8 reviews,"Hackney, London"
Belsize Park - Mink Room,50,Private room,11 reviews,"Hampstead, London"
Ideal for Couple + 1 Teenager,75,Private room,10 reviews,"Shepherd's Bush, London"
One Bed Flat in Canary Wharf,85,Entire home/flat,35 reviews,London
Central London Canal Narrowboat.,140,Entire home/flat,126 reviews,"Paddington, Central London Narrowboat"
"New Chelsea apartment, great links",79,Entire home/flat,3 reviews,"Sands End, London"
"Modern, sunny flat with balcony",120,Entire home/flat,15 reviews,"City of London, Greater London"
Cool 2 Bed Apartment in East London,100,Entire home/flat,5 reviews,"Bethnal Green, London"
Best Apartment in Kensington !,69,Private room,49 reviews,"Earls Court, London"
Very Large 2 bed Flat in Farringdon,165,Entire home/flat,5 reviews,London
One-Bedroom Apart. Marylebone W1U,135,Entire home/flat,19 reviews,"Marylebone, London"
Double Studio in Victoria (5),70,Entire home/flat,101 reviews,"Pimlico, Greater London"
Spectacular Loft Style Apartment,150,Entire home/flat,15 reviews,"Bermondsey, London"
ISLINGTON Flat near Angel Tube,95,Entire home/flat,20 reviews,"Islington, London"
1 Bedroom in Bustling Bermondsey,80,Entire home/flat,London,
single room in comfy family home,25,Private room,46 reviews,"LB of Waltham Forest, Chingford"
Modern flat 15min to Central London,60,Private room,58 reviews,"Stockwell, London"
SUNLIGHT SQUARE OPEN PLAN LOFT,115,Entire home/flat,6 reviews,"Bethnal Green, London"
"""A Magical Place in London's Heart""",155,Entire home/flat,153 reviews,"Soho, Greater London"
Notting hill great double bedroom!!,79,Private room,8 reviews,London
"Modern London, Portobello Road",105,Entire home/flat,6 reviews,"RB of Kensington and Chelsea, London"
Charming Victorian in the  Mission,50,Private room,16 reviews,"Wandsworth, Greater London"
